round	timestamp	hypothesis	dimension_scores	total_score	delta	decision	notes
R00	14:20:00	基线评分（不修改）	{"首屏冲击力":65,"文案质量":60,"Badge完整度":60,"结构导航":55,"差异化":70,"技术准确":75,"国际化":50,"Release Notes":20,"社区信任":55,"细节一致":60}	57.5	+0.0	KEEP	基线：病句存在、Release页空、缺downloads badge、无TOC、无语言导航
R01	14:35:00	修复病句+tagline润色	{"首屏冲击力":70,"文案质量":80,"Badge完整度":60,"结构导航":55,"差异化":70,"技术准确":75,"国际化":55,"Release Notes":20,"社区信任":55,"细节一致":60}	63.8	+6.3	KEEP	运行时→引擎、面向→为...打造
R02	14:40:00	Badge矩阵升级+导航行	{"首屏冲击力":82,"文案质量":80,"Badge完整度":90,"结构导航":70,"差异化":70,"技术准确":75,"国际化":60,"Release Notes":20,"社区信任":55,"细节一致":65}	70.4	+6.6	KEEP	+downloads/python badge、Quick Start|AI Agent|Docs|中文导航行
R03	14:45:00	首屏blockquote+双语互链	{"首屏冲击力":92,"文案质量":82,"Badge完整度":90,"结构导航":80,"差异化":75,"技术准确":75,"国际化":75,"Release Notes":20,"社区信任":55,"细节一致":68}	76.6	+6.2	KEEP	No Docker blockquote、<h1 id="中文版">锚点
R04	14:50:00	特性亮点+关键数据行	{"首屏冲击力":92,"文案质量":83,"Badge完整度":90,"结构导航":80,"差异化":85,"技术准确":76,"国际化":75,"Release Notes":20,"社区信任":55,"细节一致":70}	78.1	+1.5	KEEP	Key numbers行、CJK/Unicode对比列
R05	14:55:00	AI Agent区优化+竞品表	{"首屏冲击力":92,"文案质量":85,"Badge完整度":90,"结构导航":82,"差异化":88,"技术准确":76,"国际化":78,"Release Notes":20,"社区信任":58,"细节一致":72}	80.0	+1.9	KEEP	竞品表Yes加粗、Contributing表格化
R06	15:10:00	Release Notes完整重写	{"首屏冲击力":92,"文案质量":85,"Badge完整度":90,"结构导航":82,"差异化":88,"技术准确":76,"国际化":78,"Release Notes":82,"社区信任":58,"细节一致":72}	83.5	+3.5	KEEP	Highlights/Performance/Added/Changed/Fixed/Stats/Upgrade完整结构
R07	15:15:00	社区贡献区打磨	{"首屏冲击力":92,"文案质量":85,"Badge完整度":90,"结构导航":84,"差异化":88,"技术准确":76,"国际化":80,"Release Notes":82,"社区信任":65,"细节一致":75}	84.5	+1.0	KEEP	链接列表→表格，Copyright加Dunova链接
R08	15:20:00	中文版全面同步	{"首屏冲击力":92,"文案质量":86,"Badge完整度":90,"结构导航":85,"差异化":88,"技术准确":76,"国际化":88,"Release Notes":82,"社区信任":65,"细节一致":78}	85.6	+1.1	KEEP	中文版所有改进完全对齐
R09	15:40:00	Red Team修复P0/P1	{"首屏冲击力":93,"文案质量":92,"Badge完整度":90,"结构导航":86,"差异化":90,"技术准确":90,"国际化":88,"Release Notes":90,"社区信任":66,"细节一致":82}	88.5	+2.9	KEEP	修复semantic误导/fsync声明/file_mtime错误/Cursor MCP/daemon重启提示
R10	15:50:00	最终评分+走势图	{"首屏冲击力":93,"文案质量":92,"Badge完整度":90,"结构导航":86,"差异化":90,"技术准确":90,"国际化":88,"Release Notes":90,"社区信任":66,"细节一致":82}	88.5	+0.0	KEEP	终版
